表52：消費物價指數 （2019年10月至2020年9月＝100）,,,,,,,,,
,,,,,,,,,
,,綜合消費物價指數,綜合消費物價指數,甲類消費物價指數,甲類消費物價指數,乙類消費物價指數,乙類消費物價指數,丙類消費物價指數,丙類消費物價指數
,,指數,按年變動百分率,指數,按年變動百分率,指數,按年變動百分率,指數,按年變動百分率
年,月,,,,,,,,
1975,,N.A.,N.A.,12.7,N.A.,13.2,N.A.,11.9,N.A.
1976,,N.A.,N.A.,13.1,3.4,13.7,4.0,12.5,4.4
1977,,N.A.,N.A.,13.9,5.8,14.4,5.5,13.1,5.0
1978,,N.A.,N.A.,14.7,5.9,15.3,5.9,13.8,5.8
1979,,N.A.,N.A.,16.4,11.6,17.0,11.5,15.5,12.4
1980,,N.A.,N.A.,18.9,15.5,19.6,15.1,17.9,14.9
1981,,21.4,N.A.,21.6,15.4,22.3,14.8,20.2,14.5
1982,,23.8,10.9,23.9,10.5,24.6,10.6,22.5,11.7
1983,,26.1,10.0,26.2,9.9,27.1,9.9,24.8,10.3
1984,,28.4,8.6,28.4,8.1,29.4,8.5,27.1,9.1
1985,,29.4,3.5,29.3,3.2,30.4,3.5,28.2,4.0
1986,,30.4,3.8,30.1,2.8,31.4,3.5,29.5,5.3
1987,,32.1,5.7,31.8,5.5,33.0,5.3,31.4,6.4
1988,,34.7,7.8,34.2,7.5,35.5,7.4,34.1,8.7
1989,,38.2,10.3,37.6,10.1,38.9,9.7,37.9,11.0
1990,,42.1,10.2,41.3,9.8,42.7,9.7,42.1,11.2
1991,,46.9,11.6,46.1,12.0,47.5,11.6,46.7,11.1
1992,,51.3,9.6,50.4,9.4,52.1,9.6,51.3,9.8
1993,,55.9,8.8,54.7,8.5,56.6,8.7,56.1,9.5
1994,,60.8,8.8,59.1,8.1,61.5,8.6,61.7,10.0
1995,,66.3,9.1,64.2,8.7,67.1,9.2,67.5,9.6
1996,,70.5,6.3,68.1,6.0,71.4,6.4,71.9,6.6
1997,,74.6,5.8,72.0,5.7,75.5,5.8,76.3,6.1
1998,,76.7,2.8,73.8,2.6,77.6,2.8,78.7,3.2
1999,,73.6,-4.0,71.5,-3.3,74.0,-4.7,75.8,-3.7
2000,,70.9,-3.8,69.3,-3.0,71.1,-3.9,72.4,-4.5
2001,,69.8,-1.6,68.2,-1.7,69.9,-1.6,71.3,-1.5
2002,,67.6,-3.0,66.0,-3.2,67.8,-3.1,69.3,-2.8
2003,,65.9,-2.6,64.6,-2.1,65.9,-2.7,67.3,-2.9
2004,,65.6,-0.4,64.6,0.0 [φ3],65.6,-0.5,66.8,-0.9
2005,,66.2,1.0,65.3,1.1,66.3,1.0,67.3,0.8
2006,,67.6,2.0,66.4,1.7,67.7,2.1,68.8,2.2
2007,,68.9,2.0,67.2,1.3,69.1,2.2,70.6,2.7
2008,,71.9,4.3,69.6,3.6,72.3,4.6,74.0,4.7
2009,,72.3,0.5,70.0,0.4,72.7,0.5,74.4,0.6
2010,,74.0,2.4,71.8,2.7,74.4,2.3,76.0,2.1
2011,,77.9,5.3,75.8,5.6,78.2,5.2,79.9,5.1
2012,,81.1,4.1,78.5,3.6,81.6,4.3,83.2,4.1
2013,,84.6,4.3,82.5,5.1,85.0,4.1,86.3,3.8
2014,,88.3,4.4,87.1,5.6,88.5,4.2,89.4,3.5
2015,,91.0,3.0,90.6,4.0,91.0,2.9,91.2,2.1
2016,,93.2,2.4,93.2,2.8,93.1,2.3,93.1,2.1
2017,,94.6,1.5,94.6,1.5,94.4,1.4,94.6,1.5
2018,,96.8,2.4,97.2,2.7,96.6,2.3,96.7,2.2
2019,,99.6,2.9,100.5,3.3,99.2,2.7,99.1,2.6
2020,,99.9,0.3,99.8,-0.6,99.8,0.6,99.9,0.8
2021,,101.4,1.6,102.7,2.9,100.8,1.0,100.8,0.9
1974,7,N.A.,N.A.,12.6,N.A.,13.0,N.A.,11.8,N.A.
1974,8,N.A.,N.A.,12.5,N.A.,12.9,N.A.,11.8,N.A.
1974,9,N.A.,N.A.,12.5,N.A.,13.0,N.A.,11.8,N.A.
1974,10,N.A.,N.A.,12.8,N.A.,13.2,N.A.,11.9,N.A.
1974,11,N.A.,N.A.,12.8,N.A.,13.2,N.A.,11.9,N.A.
1974,12,N.A.,N.A.,12.5,N.A.,13.0,N.A.,11.8,N.A.
1975,1,N.A.,N.A.,12.4,N.A.,12.9,N.A.,11.7,N.A.
1975,2,N.A.,N.A.,12.6,N.A.,13.1,N.A.,11.8,N.A.
1975,3,N.A.,N.A.,12.5,N.A.,13.0,N.A.,11.8,N.A.
1975,4,N.A.,N.A.,12.4,N.A.,13.0,N.A.,11.8,N.A.
1975,5,N.A.,N.A.,12.5,N.A.,13.1,N.A.,11.9,N.A.
1975,6,N.A.,N.A.,12.8,N.A.,13.3,N.A.,12.0,N.A.
1975,7,N.A.,N.A.,12.6,0.0 [φ3],13.1,0.5,11.9,0.6
1975,8,N.A.,N.A.,12.6,1.4,13.1,1.5,11.9,1.3
1975,9,N.A.,N.A.,12.8,2.8,13.3,2.6,12.0,1.9
1975,10,N.A.,N.A.,13.1,2.4,13.5,2.1,12.1,1.7
1975,11,N.A.,N.A.,12.8,-0.3,13.3,0.3,12.1,1.9
1975,12,N.A.,N.A.,12.7,1.5,13.3,1.7,12.1,2.6
1976,1,N.A.,N.A.,12.8,3.2,13.3,3.1,12.2,3.7
1976,2,N.A.,N.A.,12.7,1.2,13.3,1.5,12.2,3.1
1976,3,N.A.,N.A.,12.9,3.6,13.5,3.3,12.3,4.1
1976,4,N.A.,N.A.,12.9,4.1,13.5,3.8,12.3,4.4
1976,5,N.A.,N.A.,12.8,2.4,13.4,2.9,12.4,4.4
1976,6,N.A.,N.A.,13.1,2.3,13.7,3.1,12.5,4.4
1976,7,N.A.,N.A.,13.1,3.8,13.7,4.3,12.5,5.0
1976,8,N.A.,N.A.,13.4,6.2,13.9,5.9,12.6,5.4
1976,9,N.A.,N.A.,13.5,5.2,14.0,5.3,12.6,5.0
1976,10,N.A.,N.A.,13.3,2.0,13.9,3.0,12.6,4.3
1976,11,N.A.,N.A.,13.4,4.6,13.9,4.9,12.7,4.7
1976,12,N.A.,N.A.,13.2,3.9,13.8,4.2,12.6,4.1
1977,1,N.A.,N.A.,13.6,6.0,14.1,5.6,12.7,4.5
1977,2,N.A.,N.A.,14.0,9.7,14.4,8.6,12.9,6.0
1977,3,N.A.,N.A.,13.8,6.5,14.3,6.5,12.9,5.5
1977,4,N.A.,N.A.,13.8,6.7,14.4,6.6,13.0,5.3
1977,5,N.A.,N.A.,13.6,5.8,14.2,5.7,13.0,4.7
1977,6,N.A.,N.A.,13.9,6.2,14.5,6.1,13.1,5.1
1977,7,N.A.,N.A.,14.0,6.9,14.6,6.5,13.2,5.3
1977,8,N.A.,N.A.,14.0,4.6,14.6,4.7,13.2,4.7
1977,9,N.A.,N.A.,14.0,3.6,14.6,4.1,13.2,4.6
1977,10,N.A.,N.A.,14.1,6.1,14.7,5.7,13.3,5.1
1977,11,N.A.,N.A.,14.0,4.4,14.6,4.6,13.2,4.4
1977,12,N.A.,N.A.,13.8,4.4,14.5,4.6,13.2,4.9
1978,1,N.A.,N.A.,14.2,4.8,14.8,4.9,13.4,5.0
1978,2,N.A.,N.A.,14.5,3.7,15.0,4.0,13.5,4.6
1978,3,N.A.,N.A.,14.4,4.6,15.0,4.6,13.5,4.4
1978,4,N.A.,N.A.,14.7,6.2,15.2,5.7,13.7,5.1
1978,5,N.A.,N.A.,14.4,5.8,15.0,5.5,13.6,5.1
1978,6,N.A.,N.A.,14.4,3.8,15.1,3.9,13.7,4.4
1978,7,N.A.,N.A.,14.7,4.9,15.3,4.9,13.8,5.0
1978,8,N.A.,N.A.,15.0,6.7,15.5,6.2,14.0,6.0
1978,9,N.A.,N.A.,14.9,6.3,15.5,6.2,14.1,6.3
1978,10,N.A.,N.A.,15.2,7.7,15.7,7.3,14.2,7.2
1978,11,N.A.,N.A.,15.0,7.4,15.6,7.1,14.2,7.5
1978,12,N.A.,N.A.,14.9,8.3,15.6,7.9,14.3,8.2
1979,1,N.A.,N.A.,15.2,6.7,15.8,7.2,14.5,8.4
1979,2,N.A.,N.A.,15.4,6.3,16.1,6.9,14.7,8.8
1979,3,N.A.,N.A.,15.7,8.7,16.3,8.9,14.9,10.0
1979,4,N.A.,N.A.,16.1,9.6,16.7,9.8,15.2,10.9
1979,5,N.A.,N.A.,16.0,11.5,16.7,11.4,15.3,12.0
1979,6,N.A.,N.A.,16.2,12.1,16.9,12.1,15.5,12.8
1979,7,N.A.,N.A.,16.5,12.0,17.1,12.2,15.6,13.2
1979,8,N.A.,N.A.,17.0,13.3,17.5,13.2,15.9,14.1
1979,9,N.A.,N.A.,17.1,14.5,17.7,14.1,16.1,14.2
1979,10,N.A.,N.A.,17.2,13.1,17.9,13.6,16.2,14.0
1979,11,N.A.,N.A.,17.1,14.3,17.9,14.7,16.3,14.2
1979,12,N.A.,N.A.,17.3,15.8,18.0,15.5,16.5,15.3
1980,1,N.A.,N.A.,17.6,16.3,18.3,15.8,16.7,15.4
1980,2,N.A.,N.A.,18.6,20.8,19.2,19.3,17.3,17.6
1980,3,N.A.,N.A.,18.7,19.0,19.2,17.8,17.3,16.7
1980,4,N.A.,N.A.,18.4,14.4,19.1,14.6,17.5,15.3
1980,5,N.A.,N.A.,18.6,15.7,19.2,15.0,17.5,14.8
1980,6,N.A.,N.A.,18.6,14.7,19.3,14.1,17.7,14.4
1980,7,N.A.,N.A.,19.1,16.4,19.8,15.4,17.9,14.6
1980,8,N.A.,N.A.,19.3,13.7,19.9,13.6,18.1,13.3
1980,9,N.A.,N.A.,19.5,14.1,20.1,13.7,18.4,14.4
1980,10,19.4,N.A.,19.4,12.9,20.1,12.8,18.4,14.0
1980,11,19.6,N.A.,19.6,14.7,20.3,14.2,18.6,14.9
1980,12,19.7,N.A.,19.8,14.7,20.5,14.1,18.7,14.0
1981,1,20.0,N.A.,20.1,14.1,20.9,13.8,18.8,13.6
1981,2,20.4,N.A.,20.6,11.9,21.3,12.3,19.2,12.5
1981,3,20.7,N.A.,20.8,12.6,21.5,12.8,19.5,13.2
1981,4,20.8,N.A.,20.9,14.5,21.6,14.0,19.7,13.0
1981,5,21.0,N.A.,21.2,14.7,21.9,14.7,19.8,14.0
1981,6,21.3,N.A.,21.5,16.9,22.2,16.1,20.0,14.6
1981,7,21.6,N.A.,21.8,15.8,22.5,15.1,20.3,15.1
1981,8,21.9,N.A.,22.2,17.5,22.7,16.3,20.5,15.5
1981,9,22.0,N.A.,22.2,16.0,22.8,15.2,20.7,15.1
1981,10,22.4,16.0,22.8,17.4,23.3,16.2,21.0,14.1
1981,11,22.4,14.6,22.7,15.6,23.3,14.7,21.1,13.4
1981,12,22.4,13.4,22.5,13.9,23.3,13.6,21.2,13.1
1982,1,22.8,13.8,22.9,13.9,23.7,13.3,21.5,14.3
1982,2,23.0,12.7,23.3,13.0,23.9,12.4,21.7,12.7
1982,3,23.0,11.4,23.2,11.6,23.9,11.3,21.8,11.5
1982,4,23.2,11.4,23.3,11.3,24.1,11.4,21.9,11.3
1982,5,23.6,12.0,23.7,11.9,24.5,11.7,22.3,12.6
1982,6,23.8,11.6,23.9,11.2,24.6,11.2,22.6,12.7
1982,7,23.9,10.5,24.0,10.1,24.8,10.3,22.6,11.4
1982,8,24.0,9.8,24.1,8.9,24.9,9.6,22.7,11.1
1982,9,24.2,9.9,24.3,9.1,25.0,9.6,23.0,11.1
1982,10,24.4,8.9,24.6,7.9,25.4,8.7,23.2,10.3
1982,11,24.6,9.4,24.6,8.4,25.4,9.0,23.5,11.1
1982,12,24.7,10.2,24.7,9.7,25.6,9.8,23.5,11.0
1983,1,24.6,7.8,24.7,7.7,25.6,8.2,23.5,9.5
1983,2,25.2,9.5,25.3,8.9,26.2,9.3,23.9,10.5
1983,3,25.5,10.8,25.7,10.9,26.4,10.6,24.2,11.0
1983,4,25.8,11.3,26.0,11.5,26.7,10.8,24.5,11.7
1983,5,25.6,8.7,25.7,8.3,26.5,8.4,24.5,9.6
1983,6,25.9,9.1,26.0,8.8,26.8,8.9,24.7,9.7
1983,7,26.0,8.8,26.0,8.3,26.9,8.6,24.8,9.7
1983,8,26.1,8.7,26.1,8.3,27.0,8.5,24.9,9.4
1983,9,26.7,10.4,26.8,10.7,27.6,10.4,25.3,9.9
1983,10,27.4,12.0,27.7,12.6,28.4,12.1,25.8,11.3
1983,11,27.3,11.3,27.5,11.7,28.3,11.4,26.0,10.7
1983,12,27.4,10.9,27.4,11.0,28.4,11.0,26.0,10.8
1984,1,27.6,12.5,27.8,12.4,28.7,12.0,26.1,11.0
1984,2,28.0,10.9,28.2,11.1,29.0,11.0,26.5,10.6
1984,3,27.9,9.4,28.0,8.9,28.9,9.6,26.5,9.7
1984,4,28.2,9.3,28.2,8.6,29.2,9.3,26.9,9.9
1984,5,28.2,10.2,28.2,10.1,29.2,10.2,27.0,10.4
1984,6,28.5,9.9,28.5,9.7,29.5,9.9,27.3,10.2
1984,7,28.5,9.6,28.5,9.5,29.5,9.6,27.2,9.6
1984,8,28.5,9.4,28.5,9.2,29.5,9.2,27.3,9.9
1984,9,28.7,7.8,28.8,7.1,29.7,7.5,27.5,8.9
1984,10,28.7,4.7,28.6,3.4,29.7,4.4,27.6,6.8
1984,11,28.7,5.1,28.6,4.2,29.7,4.9,27.6,6.4
1984,12,28.8,5.3,28.7,4.6,29.8,5.1,27.7,6.2
1985,1,28.8,4.2,28.7,3.3,29.8,3.9,27.5,5.5
1985,2,28.9,3.5,28.9,2.8,30.0,3.4,27.7,4.7
1985,3,29.2,4.4,29.2,4.1,30.2,4.4,27.8,4.8
1985,4,29.3,4.1,29.3,3.9,30.4,4.2,28.0,4.3
1985,5,29.2,3.5,29.1,3.2,30.3,3.6,28.0,3.8
1985,6,29.4,3.1,29.3,2.8,30.4,3.2,28.2,3.3
1985,7,29.3,3.0,29.2,2.5,30.4,2.9,28.2,3.6
1985,8,29.4,2.9,29.3,2.7,30.4,3.1,28.2,3.1
1985,9,29.8,3.8,29.8,3.8,30.9,3.9,28.5,3.6
1985,10,29.7,3.4,29.5,3.3,30.7,3.5,28.5,3.5
1985,11,29.7,3.2,29.4,2.9,30.6,3.2,28.6,3.5
1985,12,29.7,3.1,29.5,2.7,30.6,3.0,28.7,3.9
1986,1,29.7,3.2,29.4,2.7,30.6,3.0,28.6,4.2
1986,2,30.0,3.9,29.8,3.2,31.0,3.6,28.9,4.8
1986,3,30.0,3.1,29.8,2.1,31.0,2.8,29.0,4.7
1986,4,30.2,3.1,29.9,2.1,31.2,3.0,29.1,4.3
1986,5,30.2,3.5,29.9,2.6,31.2,3.3,29.3,4.9
1986,6,30.5,3.9,30.2,2.8,31.4,3.5,29.6,5.5
1986,7,30.6,4.3,30.3,3.5,31.5,4.0,29.6,5.6
1986,8,30.5,3.9,30.2,2.8,31.4,3.5,29.6,5.7
1986,9,30.7,3.0,30.4,1.5,31.6,2.6,29.8,5.3
1986,10,30.8,4.3,30.5,3.2,31.7,3.6,30.0,5.4
1986,11,30.9,4.7,30.5,3.8,31.8,4.0,30.3,6.0
1986,12,30.9,4.6,30.6,3.8,31.9,4.0,30.2,5.4
1987,1,31.1,4.8,30.8,4.5,32.0,4.5,30.3,5.7
1987,2,31.3,4.3,31.0,3.9,32.2,3.9,30.4,5.1
1987,3,31.4,4.7,31.1,4.4,32.3,4.2,30.6,5.7
1987,4,31.7,5.2,31.4,5.0,32.7,4.7,30.9,6.1
1987,5,31.9,5.6,31.5,5.3,32.8,5.1,31.2,6.6
1987,6,32.3,5.9,31.9,5.8,33.1,5.5,31.5,6.5
1987,7,32.1,5.1,31.8,4.7,33.0,4.8,31.4,5.9
1987,8,32.4,6.3,32.1,6.2,33.3,5.9,31.6,6.7
1987,9,32.6,6.1,32.2,5.9,33.4,5.7,31.9,6.9
1987,10,32.8,6.4,32.4,6.4,33.6,6.0,32.1,7.0
1987,11,32.9,6.3,32.4,6.2,33.7,6.0,32.3,6.8
1987,12,33.2,7.4,32.9,7.5,34.1,7.0,32.6,7.8
1988,1,33.1,6.6,32.7,6.3,34.0,6.2,32.5,7.3
1988,2,33.5,7.2,33.1,6.9,34.4,6.8,32.8,7.7
1988,3,33.7,7.3,33.3,7.1,34.5,7.0,33.0,7.8
1988,4,34.2,7.7,33.8,7.4,35.0,7.3,33.5,8.4
1988,5,34.3,7.5,33.8,7.1,35.1,7.0,33.8,8.5
1988,6,34.6,7.2,34.0,6.5,35.4,6.7,34.1,8.4
1988,7,34.8,8.2,34.3,8.0,35.6,7.8,34.2,8.9
1988,8,35.0,8.1,34.6,7.7,35.8,7.5,34.5,9.2
1988,9,35.5,8.8,35.0,8.8,36.2,8.3,34.9,9.4
1988,10,35.4,8.0,34.9,7.6,36.2,7.5,35.0,9.0
1988,11,35.8,8.9,35.2,8.6,36.5,8.3,35.5,9.9
1988,12,36.0,8.3,35.4,7.7,36.7,7.7,35.7,9.7
1989,1,36.3,9.7,35.8,9.5,37.1,9.1,35.9,10.5
1989,2,37.0,10.5,36.6,10.5,37.8,10.0,36.4,11.1
1989,3,37.0,9.8,36.5,9.5,37.7,9.2,36.5,10.6
1989,4,37.6,9.9,37.0,9.6,38.3,9.3,37.2,11.0
1989,5,37.9,10.6,37.3,10.6,38.6,10.1,37.6,11.1
1989,6,38.3,10.8,37.8,11.0,39.0,10.3,37.9,11.0
1989,7,38.4,10.5,37.9,10.3,39.2,10.0,38.0,11.1
1989,8,38.6,10.1,38.0,9.9,39.3,9.7,38.2,10.7
1989,9,39.1,10.3,38.5,10.1,39.8,9.9,38.7,11.0
1989,10,39.2,10.6,38.5,10.4,39.8,10.1,39.0,11.3
1989,11,39.4,9.9,38.6,9.6,40.0,9.4,39.4,10.9
1989,12,39.6,10.1,38.8,9.7,40.2,9.5,39.7,11.1
1990,1,40.0,10.1,39.3,9.8,40.6,9.5,39.8,11.1
1990,2,40.3,8.9,39.7,8.4,41.0,8.3,40.0,10.0
1990,3,40.8,10.2,40.1,10.0,41.4,9.6,40.5,10.9
1990,4,41.3,9.8,40.5,9.4,41.9,9.3,41.2,10.6
1990,5,41.7,9.9,40.8,9.3,42.2,9.3,41.8,11.1
1990,6,42.1,9.9,41.2,9.1,42.6,9.3,42.1,11.3
1990,7,42.3,10.0,41.4,9.4,42.9,9.5,42.2,11.2
1990,8,42.4,10.1,41.6,9.4,43.0,9.6,42.5,11.3
1990,9,43.2,10.3,42.3,9.7,43.7,9.9,43.2,11.4
1990,10,43.5,10.9,42.6,10.4,44.0,10.4,43.7,12.0
1990,11,43.9,11.2,42.8,10.9,44.4,10.8,44.1,12.0
1990,12,44.2,11.3,43.2,11.3,44.8,11.1,44.3,11.5
1991,1,44.5,11.1,43.6,10.8,45.1,10.8,44.5,11.6
1991,2,45.2,12.2,44.4,11.9,45.8,11.9,45.1,12.8
1991,3,45.7,12.5,45.0,12.9,46.2,12.3,45.3,12.2
1991,4,46.4,13.0,45.8,13.9,47.0,13.0,45.9,11.9
1991,5,46.6,12.4,45.9,13.0,47.3,12.4,46.4,11.6
1991,6,46.9,11.7,46.1,12.3,47.5,11.8,46.6,10.9
1991,7,47.1,11.9,46.4,12.6,47.8,11.9,46.7,11.0
1991,8,47.3,11.9,46.7,12.7,48.0,12.0,46.9,10.9
1991,9,47.7,11.0,47.0,11.5,48.3,11.2,47.4,10.1
1991,10,48.0,10.4,47.2,10.8,48.6,10.3,48.1,10.0
1991,11,48.4,10.3,47.4,10.6,48.9,10.2,48.6,10.1
1991,12,48.5,9.9,47.5,10.0,49.2,9.9,48.5,9.6
1992,1,49.0,10.2,48.1,10.5,49.6,10.1,48.9,9.9
1992,2,49.8,10.1,49.0,10.4,50.4,10.1,49.6,9.8
1992,3,50.1,9.7,49.3,9.5,50.7,9.7,49.9,10.1
1992,4,50.7,9.2,49.9,8.9,51.3,9.2,50.3,9.7
1992,5,50.9,9.1,49.9,8.8,51.5,9.0,50.9,9.5
1992,6,51.3,9.6,50.4,9.3,52.0,9.6,51.3,10.0
1992,7,51.5,9.3,50.5,8.8,52.2,9.3,51.3,10.1
1992,8,51.6,9.0,50.5,8.3,52.4,9.1,51.5,9.8
1992,9,52.5,10.1,51.6,9.9,53.2,10.2,52.2,10.2
1992,10,52.7,9.7,51.7,9.5,53.4,10.0,52.6,9.5
1992,11,52.9,9.4,51.7,9.2,53.7,9.6,53.2,9.5
1992,12,53.2,9.6,52.0,9.4,54.0,9.7,53.2,9.7
1993,1,54.0,10.2,53.0,10.1,54.8,10.3,53.8,10.1
1993,2,54.2,8.9,53.2,8.6,55.0,9.1,54.1,9.1
1993,3,54.3,8.4,53.1,7.8,55.0,8.5,54.5,9.2
1993,4,54.9,8.5,53.7,7.7,55.7,8.5,55.1,9.5
1993,5,55.4,8.9,54.1,8.5,56.1,8.8,55.8,9.8
1993,6,55.9,8.8,54.7,8.6,56.6,8.7,56.1,9.5
1993,7,55.9,8.6,54.6,8.2,56.6,8.5,56.1,9.2
1993,8,56.1,8.7,54.8,8.5,56.8,8.5,56.3,9.2
1993,9,56.8,8.3,55.7,7.9,57.5,8.1,57.0,9.2
1993,10,57.4,9.0,56.3,9.0,58.1,8.7,57.6,9.4
1993,11,57.5,8.7,56.1,8.4,58.2,8.4,58.2,9.5
1993,12,58.0,9.0,56.5,8.6,58.6,8.5,58.7,10.2
1994,1,57.9,7.2,56.3,6.2,58.5,6.9,58.7,9.0
1994,2,58.8,8.4,57.4,7.8,59.4,8.1,59.4,9.8
1994,3,58.8,8.4,57.3,8.0,59.5,8.2,59.5,9.2
1994,4,59.6,8.4,57.8,7.7,60.3,8.2,60.6,9.9
1994,5,60.2,8.6,58.3,7.8,60.8,8.4,61.4,10.0
1994,6,60.6,8.4,58.8,7.5,61.1,8.1,61.8,10.1
1994,7,60.8,8.9,59.3,8.5,61.5,8.6,61.6,9.9
1994,8,61.6,9.8,60.2,9.8,62.2,9.5,62.1,10.4
1994,9,62.1,9.2,60.5,8.6,62.8,9.0,62.8,10.2
1994,10,62.6,9.0,60.8,7.9,63.3,9.0,63.6,10.5
1994,11,63.0,9.5,60.9,8.6,63.7,9.5,64.4,10.6
1994,12,63.5,9.5,61.5,8.9,64.2,9.5,64.8,10.3
1995,1,63.9,10.3,62.1,10.1,64.7,10.4,64.9,10.3
1995,2,64.3,9.4,62.5,8.9,65.2,9.6,65.1,9.7
1995,3,64.6,9.8,62.8,9.5,65.5,10.0,65.4,9.9
1995,4,65.4,9.8,63.4,9.6,66.3,9.9,66.5,9.8
1995,5,65.8,9.3,63.7,9.1,66.6,9.5,67.2,9.5
1995,6,66.3,9.4,64.0,8.9,67.0,9.6,67.8,9.7
1995,7,66.4,9.2,64.2,8.5,67.2,9.2,67.8,10.1
1995,8,67.0,9.0,65.1,8.3,67.8,9.0,68.1,9.8
1995,9,67.6,9.2,65.7,8.9,68.3,9.1,68.8,9.8
1995,10,68.0,8.8,65.8,8.4,68.8,8.8,69.3,9.4
1995,11,68.1,8.4,65.8,8.2,68.9,8.3,69.8,8.9
1995,12,68.0,7.2,65.6,6.6,68.8,7.3,69.5,7.9
1996,1,68.1,6.5,65.6,5.8,69.0,6.6,69.6,7.3
1996,2,68.8,6.9,66.5,6.4,69.7,7.0,70.0,7.5
1996,3,69.1,7.0,66.9,6.5,70.1,7.0,70.4,7.5
1996,4,70.0,7.0,67.7,6.8,70.9,7.0,71.2,7.1
1996,5,70.1,6.5,67.6,6.1,71.0,6.6,71.8,6.9
1996,6,70.5,6.4,68.0,6.1,71.3,6.4,72.3,6.6
1996,7,70.5,6.2,68.1,6.1,71.4,6.4,71.9,6.2
1996,8,70.6,5.4,68.2,4.9,71.5,5.5,72.1,5.9
1996,9,71.4,5.6,69.1,5.2,72.3,5.9,72.7,5.6
1996,10,71.9,5.7,69.3,5.4,72.8,5.8,73.5,6.0
1996,11,72.2,5.9,69.6,5.8,73.1,6.1,73.9,5.8
1996,12,72.5,6.6,70.0,6.7,73.3,6.5,74.1,6.7
1997,1,72.4,6.3,70.0,6.6,73.3,6.3,73.7,5.9
1997,2,73.1,6.3,70.8,6.5,74.0,6.1,74.3,6.2
1997,3,73.2,5.9,70.7,5.7,74.1,5.8,74.8,6.3
1997,4,73.9,5.6,71.3,5.2,74.8,5.4,75.8,6.4
1997,5,74.2,5.8,71.4,5.8,75.0,5.7,76.2,6.0
1997,6,74.4,5.6,71.7,5.4,75.3,5.6,76.5,5.9
1997,7,75.0,6.4,72.5,6.5,75.8,6.2,76.7,6.6
1997,8,75.1,6.3,72.7,6.6,76.0,6.3,76.6,6.2
1997,9,75.4,5.6,72.8,5.3,76.4,5.6,77.0,5.9
1997,10,75.9,5.7,73.1,5.5,77.0,5.7,77.8,5.9
1997,11,76.1,5.4,73.1,5.1,77.0,5.4,78.2,5.9
1997,12,76.2,5.2,73.3,4.8,77.2,5.2,78.4,5.8
1998,1,76.3,5.4,73.5,5.1,77.3,5.4,78.1,5.9
1998,2,76.5,4.7,74.0,4.5,77.6,4.8,78.0,4.9
1998,3,76.7,4.8,74.1,4.8,77.8,5.0,78.3,4.7
1998,4,77.4,4.7,74.4,4.4,78.4,4.9,79.5,4.9
1998,5,77.5,4.5,74.5,4.3,78.4,4.4,79.9,4.9
1998,6,77.4,4.0,74.5,4.0,78.2,3.9,79.7,4.1
1998,7,77.4,3.2,74.5,2.7,78.3,3.2,79.6,3.7
1998,8,77.2,2.7,74.2,2.0,78.1,2.7,79.4,3.7
1998,9,77.3,2.5,74.5,2.3,78.1,2.3,79.3,3.1
1998,10,76.0,0.1,73.1,-0.1,77.0,0.0 [φ3],78.1,0.5
1998,11,75.5,-0.7,72.5,-0.9,76.3,-0.9,78.0,-0.2
1998,12,75.0,-1.6,72.3,-1.4,75.9,-1.7,77.0,-1.8
1999,1,75.5,-1.1,72.9,-0.9,76.1,-1.6,77.7,-0.5
1999,2,75.2,-1.7,72.9,-1.5,75.8,-2.3,77.1,-1.1
1999,3,74.7,-2.6,72.4,-2.3,75.3,-3.3,76.8,-1.9
1999,4,74.5,-3.8,71.9,-3.3,74.9,-4.5,76.8,-3.3
1999,5,74.4,-4.0,71.9,-3.5,74.7,-4.6,77.0,-3.6
1999,6,74.2,-4.1,71.8,-3.7,74.5,-4.8,76.8,-3.6
1999,7,73.1,-5.5,70.8,-5.0,73.4,-6.3,75.5,-5.1
1999,8,72.4,-6.1,70.3,-5.2,72.7,-6.9,74.5,-6.1
1999,9,72.6,-6.0,70.8,-4.9,72.8,-6.9,74.5,-6.1
1999,10,72.8,-4.2,71.0,-3.1,73.1,-5.1,74.7,-4.1
1999,11,72.3,-4.2,70.4,-2.9,72.6,-4.9,74.1,-4.5
1999,12,72.0,-4.0,70.3,-2.9,72.2,-4.9,73.6,-4.1
2000,1,71.5,-5.3,69.9,-4.2,71.8,-5.7,72.9,-6.2
2000,2,71.4,-5.1,69.9,-4.2,71.7,-5.4,72.9,-5.8
2000,3,71.2,-5.0,69.5,-4.0,71.4,-5.3,72.7,-5.7
2000,4,71.2,-4.4,69.5,-3.4,71.4,-4.6,72.9,-5.2
2000,5,71.1,-4.5,69.4,-3.4,71.2,-4.6,72.8,-5.6
2000,6,70.8,-4.5,69.2,-3.5,71.0,-4.5,72.4,-5.7
2000,7,70.7,-3.2,69.2,-2.2,70.9,-3.3,72.3,-4.3
2000,8,70.5,-2.7,69.0,-1.8,70.7,-2.7,72.0,-3.6
2000,9,70.6,-2.6,69.1,-2.1,70.8,-2.5,72.0,-3.3
2000,10,70.6,-3.1,69.0,-2.7,70.8,-3.2,72.2,-3.4
2000,11,70.7,-2.3,69.1,-1.9,70.8,-2.4,72.2,-2.5
2000,12,70.5,-2.1,68.9,-1.9,70.7,-2.1,71.9,-2.3
2001,1,70.4,-1.5,68.9,-1.4,70.6,-1.7,71.9,-1.4
2001,2,69.7,-2.4,68.1,-2.5,69.9,-2.5,71.2,-2.3
2001,3,69.8,-1.9,68.1,-2.1,70.0,-2.0,71.6,-1.5
2001,4,70.2,-1.4,68.7,-1.2,70.3,-1.6,71.9,-1.4
2001,5,70.0,-1.5,68.5,-1.3,70.1,-1.6,71.6,-1.6
2001,6,70.0,-1.1,68.7,-0.7,70.1,-1.2,71.5,-1.3
2001,7,70.1,-0.9,68.8,-0.5,70.2,-1.1,71.4,-1.2
2001,8,69.7,-1.1,68.4,-0.9,69.9,-1.2,71.1,-1.2
2001,9,69.8,-1.2,68.5,-0.9,69.9,-1.3,71.1,-1.4
2001,10,69.7,-1.2,68.3,-1.1,69.8,-1.4,71.3,-1.3
2001,11,69.7,-1.4,68.3,-1.2,69.8,-1.5,71.1,-1.6
2001,12,68.0,-3.6,64.6,-6.2,68.8,-2.6,70.7,-1.7
2002,1,68.0,-3.5,66.3,-3.9,68.2,-3.4,69.6,-3.2
2002,2,68.1,-2.3,66.5,-2.4,68.3,-2.3,69.7,-2.0
2002,3,68.3,-2.2,66.8,-2.0,68.4,-2.3,69.8,-2.5
2002,4,68.1,-3.1,66.4,-3.3,68.2,-3.0,69.8,-2.9
2002,5,67.8,-3.1,66.1,-3.5,68.0,-3.0,69.6,-2.9
2002,6,67.7,-3.3,66.0,-3.9,67.9,-3.2,69.5,-2.8
2002,7,67.7,-3.4,66.0,-4.1,67.8,-3.3,69.5,-2.7
2002,8,67.5,-3.3,65.9,-3.7,67.6,-3.2,69.1,-2.8
2002,9,67.2,-3.7,65.6,-4.2,67.3,-3.7,68.9,-3.0
2002,10,67.2,-3.6,65.6,-4.0,67.3,-3.5,69.0,-3.2
2002,11,67.1,-3.6,65.4,-4.1,67.3,-3.6,68.9,-3.1
2002,12,66.9,-1.5,65.3,1.0,67.1,-2.6,68.7,-2.8
2003,1,66.9,-1.6,65.2,-1.6,67.0,-1.7,68.6,-1.4
2003,2,66.7,-2.0,65.1,-2.0,66.8,-2.2,68.4,-1.9
2003,3,66.8,-2.1,65.5,-1.9,66.8,-2.3,68.4,-1.9
2003,4,66.9,-1.8,65.6,-1.2,66.9,-2.0,68.3,-2.1
2003,5,66.2,-2.5,65.0,-1.7,66.2,-2.7,67.5,-3.0
2003,6,65.6,-3.1,64.4,-2.4,65.7,-3.2,66.9,-3.7
2003,7,65.0,-4.0,63.6,-3.6,65.0,-4.1,66.4,-4.5
2003,8,64.9,-3.8,63.6,-3.5,65.0,-3.9,66.3,-4.1
2003,9,65.0,-3.2,63.8,-2.8,65.1,-3.2,66.4,-3.8
2003,10,65.4,-2.7,64.3,-2.0,65.5,-2.7,66.7,-3.3
2003,11,65.5,-2.4,64.2,-1.8,65.6,-2.5,67.0,-2.8
2003,12,65.7,-1.9,64.5,-1.2,65.7,-2.1,67.0,-2.5
2004,1,65.9,-1.5,64.7,-0.7,65.9,-1.6,67.2,-2.1
2004,2,65.4,-2.0,64.4,-1.1,65.4,-2.1,66.5,-2.8
2004,3,65.5,-2.1,64.3,-1.8,65.4,-2.1,66.7,-2.5
2004,4,65.8,-1.5,64.6,-1.5,65.8,-1.5,67.2,-1.6
2004,5,65.6,-0.9,64.5,-0.7,65.6,-0.9,66.8,-1.1
2004,6,65.5,-0.1,64.5,0.1,65.5,-0.2,66.7,-0.3
2004,7,65.5,0.9,64.6,1.5,65.5,0.8,66.6,0.4
2004,8,65.4,0.8,64.4,1.4,65.4,0.7,66.4,0.1
2004,9,65.5,0.7,64.6,1.3,65.5,0.6,66.6,0.3
2004,10,65.8,0.2,64.8,0.4,65.7,0.1,67.0,-0.1
2004,11,65.9,0.2,64.8,0.6,65.8,0.2,67.1,-0.2
2004,12,65.9,0.2,64.8,0.5,65.9,0.2,67.1,-0.1
2005,1,65.7,-0.5,64.8,-0.2,65.7,-0.5,66.7,-1.0
2005,2,65.9,0.8,65.0,1.1,66.0,0.8,66.8,0.5
2005,3,65.9,0.8,65.0,1.1,66.0,0.8,66.8,0.3
2005,4,66.1,0.5,65.1,0.7,66.1,0.4,67.2,0.2
2005,5,66.0,0.8,65.1,0.9,66.0,0.8,67.1,0.8
2005,6,66.2,1.2,65.3,1.3,66.2,1.2,67.2,1.0
2005,7,66.3,1.3,65.3,1.3,66.3,1.3,67.4,1.3
2005,8,66.2,1.4,65.2,1.3,66.2,1.4,67.3,1.5
2005,9,66.5,1.6,65.5,1.5,66.5,1.7,67.6,1.7
2005,10,66.6,1.3,65.6,1.2,66.6,1.4,67.9,1.3
2005,11,66.7,1.2,65.6,1.1,66.7,1.3,67.9,1.2
2005,12,66.8,1.3,65.7,1.3,66.8,1.4,68.0,1.3
2006,1,66.9,1.9,65.8,1.6,67.0,2.0,68.0,2.0
2006,2,66.7,1.2,65.8,1.1,66.8,1.2,67.7,1.4
2006,3,67.0,1.6,65.9,1.4,67.1,1.7,68.1,1.8
2006,4,67.3,1.9,66.1,1.7,67.4,2.0,68.5,2.0
2006,5,67.4,2.1,66.2,1.8,67.5,2.2,68.7,2.4
2006,6,67.6,2.2,66.5,1.9,67.7,2.2,68.8,2.5
2006,7,67.8,2.3,66.6,2.0,67.9,2.4,69.1,2.5
2006,8,67.8,2.5,66.7,2.3,67.9,2.6,69.0,2.6
2006,9,67.9,2.1,66.7,1.9,67.9,2.2,69.2,2.3
2006,10,68.0,2.0,66.7,1.7,68.0,2.1,69.3,2.1
2006,11,68.1,2.2,66.8,1.8,68.2,2.2,69.7,2.6
2006,12,68.3,2.3,67.0,1.9,68.4,2.3,69.8,2.7
2007,1,68.2,2.0,67.0,1.8,68.3,1.9,69.6,2.3
2007,2,67.3,0.8,63.7,-3.2,68.2,2.1,70.1,3.6
2007,3,68.6,2.4,67.4,2.2,68.6,2.3,69.9,2.7
2007,4,68.2,1.3,66.6,0.7,68.3,1.3,69.8,1.9
2007,5,68.2,1.2,66.7,0.7,68.3,1.3,69.9,1.7
2007,6,68.5,1.3,67.1,0.8,68.6,1.4,70.1,1.9
2007,7,68.9,1.5,67.3,1.0,69.0,1.6,70.5,2.1
2007,8,68.9,1.6,67.1,0.7,69.1,1.7,70.7,2.4
2007,9,69.0,1.6,67.3,1.0,69.1,1.8,70.7,2.2
2007,10,70.1,3.2,68.6,2.9,70.2,3.2,71.7,3.5
2007,11,70.5,3.4,68.8,3.1,70.6,3.5,72.2,3.6
2007,12,70.9,3.8,69.2,3.4,71.1,3.9,72.6,4.0
2008,1,70.4,3.2,68.9,2.9,70.6,3.3,72.0,3.5
2008,2,71.5,6.3,70.0,9.9,71.7,5.2,72.9,3.9
2008,3,71.5,4.2,69.9,3.8,71.7,4.4,72.9,4.4
2008,4,71.9,5.4,70.3,5.5,72.0,5.5,73.5,5.2
2008,5,72.1,5.7,70.5,5.6,72.3,5.8,73.8,5.5
2008,6,72.7,6.1,71.1,6.1,72.9,6.3,74.2,5.8
2008,7,73.2,6.3,71.6,6.4,73.4,6.5,74.8,6.1
2008,8,72.1,4.6,68.6,2.2,72.9,5.5,74.9,6.0
2008,9,71.1,3.0,67.1,-0.3,71.9,4.0,74.5,5.4
2008,10,71.4,1.8,67.4,-1.7,72.2,2.8,74.8,4.3
2008,11,72.6,3.1,70.3,2.1,72.9,3.3,74.9,3.8
2008,12,72.4,2.1,70.1,1.2,72.8,2.4,74.5,2.7
2009,1,72.6,3.1,70.4,2.1,73.0,3.4,74.6,3.7
2009,2,72.1,0.8,70.0,0.1,72.4,0.9,73.9,1.4
2009,3,72.3,1.2,70.3,0.5,72.6,1.3,74.1,1.7
2009,4,72.3,0.6,70.2,-0.2,72.7,0.9,74.4,1.2
2009,5,72.2,0.0 [φ3],70.1,-0.5,72.5,0.2,74.1,0.5
2009,6,72.1,-0.9,70.0,-1.6,72.4,-0.7,74.0,-0.3
2009,7,72.1,-1.5,70.0,-2.2,72.4,-1.4,74.1,-0.9
2009,8,70.9,-1.6,67.0,-2.4,71.8,-1.5,74.1,-1.0
2009,9,71.4,0.5,67.7,0.8,72.3,0.5,74.6,0.1
2009,10,73.2,2.2,71.4,5.2,73.3,1.3,74.9,0.1
2009,11,73.2,0.5,71.5,1.0,73.4,0.5,74.9,0.1
2009,12,73.5,1.3,71.8,1.7,73.7,1.2,75.2,0.9
2010,1,73.5,1.0,72.1,1.7,73.7,0.9,74.8,0.5
2010,2,74.2,2.8,72.9,3.4,74.4,2.7,75.6,2.2
2010,3,73.9,2.0,72.5,2.5,74.0,1.9,75.2,1.5
2010,4,74.2,2.4,72.6,2.9,74.3,2.3,76.0,2.0
2010,5,74.1,2.5,72.6,3.0,74.2,2.4,75.8,2.2
2010,6,74.2,2.8,72.7,3.2,74.3,2.7,75.8,2.4
2010,7,72.5,1.3,67.9,-0.8,73.9,2.1,76.0,2.6
2010,8,72.5,3.0,67.9,3.6,73.9,3.0,76.0,2.5
2010,9,72.8,2.6,68.4,3.2,74.0,2.5,76.1,2.0
2010,10,75.0,2.5,73.6,3.0,75.0,2.3,76.5,2.1
2010,11,75.2,2.8,73.8,3.3,75.3,2.5,76.8,2.5
2010,12,75.7,2.9,74.2,3.3,75.7,2.7,77.3,2.8
2011,1,76.1,3.4,74.7,3.6,76.1,3.2,77.5,3.5
2011,2,76.9,3.6,75.6,3.8,77.0,3.5,78.2,3.5
2011,3,77.1,4.4,76.0,4.8,77.1,4.2,78.4,4.2
2011,4,77.6,4.6,76.2,5.0,77.7,4.5,79.2,4.2
2011,5,78.0,5.2,76.7,5.6,78.1,5.2,79.5,4.9
2011,6,78.4,5.6,77.0,5.9,78.4,5.6,79.9,5.4
2011,7,78.3,7.9,76.4,12.5,78.5,6.2,80.1,5.4
2011,8,76.7,5.7,71.6,5.4,78.2,5.8,80.6,6.0
2011,9,77.0,5.8,72.0,5.2,78.4,6.0,80.8,6.3
2011,10,79.3,5.8,77.4,5.2,79.5,6.0,81.2,6.2
2011,11,79.5,5.7,77.7,5.3,79.8,6.0,81.4,5.9
2011,12,80.0,5.7,78.1,5.3,80.2,5.9,81.8,5.9
2012,1,80.7,6.1,78.8,5.4,81.0,6.3,82.4,6.4
2012,2,80.5,4.7,78.8,4.2,80.8,4.9,81.9,4.7
2012,3,80.9,4.9,79.2,4.3,81.1,5.2,82.4,5.1
2012,4,81.3,4.7,79.4,4.2,81.6,5.0,83.0,4.9
2012,5,81.3,4.3,79.6,3.8,81.6,4.6,82.9,4.3
2012,6,81.3,3.7,79.5,3.3,81.6,4.0,82.9,3.7
2012,7,79.6,1.6,74.6,-2.4,81.2,3.5,83.1,3.7
2012,8,79.6,3.7,74.6,4.1,81.2,3.8,83.2,3.2
2012,9,79.9,3.8,75.0,4.3,81.5,3.9,83.5,3.3
2012,10,82.3,3.8,80.7,4.3,82.4,3.7,83.8,3.2
2012,11,82.5,3.7,80.9,4.2,82.7,3.6,84.0,3.3
2012,12,82.9,3.7,81.4,4.2,83.1,3.6,84.5,3.3
2013,1,83.1,3.0,81.8,3.8,83.2,2.8,84.4,2.4
2013,2,84.0,4.4,82.5,4.7,84.2,4.2,85.4,4.2
2013,3,83.8,3.6,82.4,4.0,84.0,3.5,85.2,3.4
2013,4,84.6,4.0,83.2,4.7,84.7,3.8,86.0,3.5
2013,5,84.5,3.9,83.1,4.4,84.7,3.7,85.9,3.6
2013,6,84.6,4.1,83.2,4.6,84.8,3.9,86.0,3.7
2013,7,85.1,6.9,83.6,12.0,85.3,5.0,86.5,4.0
2013,8,83.2,4.5,78.2,4.9,84.8,4.4,86.7,4.3
2013,9,83.6,4.6,78.8,5.1,85.1,4.5,87.0,4.2
2013,10,85.9,4.3,84.3,4.5,86.1,4.4,87.3,4.1
2013,11,86.1,4.3,84.5,4.4,86.3,4.4,87.6,4.2
2013,12,86.5,4.3,84.9,4.3,86.7,4.4,87.9,4.1
2014,1,86.9,4.6,85.4,4.5,87.2,4.8,88.3,4.5
2014,2,87.3,3.9,86.0,4.2,87.5,4.0,88.4,3.5
2014,3,87.1,3.9,85.9,4.3,87.3,3.9,88.2,3.5
2014,4,87.7,3.7,86.4,3.9,87.9,3.8,89.0,3.5
2014,5,87.6,3.7,86.3,3.9,87.8,3.7,88.9,3.5
2014,6,87.7,3.6,86.3,3.7,87.9,3.6,88.9,3.5
2014,7,88.5,4.0,87.4,4.6,88.7,4.0,89.6,3.5
2014,8,86.5,3.9,82.0,4.8,88.0,3.8,89.5,3.2
2014,9,89.1,6.6,88.6,12.3,89.1,4.7,89.6,3.1
2014,10,90.3,5.2,90.3,7.1,90.2,4.7,90.4,3.6
2014,11,90.5,5.1,90.5,7.2,90.3,4.6,90.6,3.4
2014,12,90.7,4.9,90.6,6.9,90.6,4.4,90.8,3.2
2015,1,90.4,4.1,90.6,6.3,90.4,3.6,90.3,2.2
2015,2,91.2,4.6,91.3,6.5,91.0,4.2,91.1,3.0
2015,3,90.9,4.5,91.3,6.6,90.8,4.1,90.6,2.8
2015,4,90.2,2.8,89.8,3.9,90.2,2.6,90.6,1.9
2015,5,90.2,3.0,89.9,4.2,90.2,2.8,90.5,2.0
2015,6,90.3,3.1,90.0,4.4,90.3,2.9,90.6,2.0
2015,7,90.8,2.5,90.3,3.4,90.7,2.4,91.2,1.8
2015,8,89.1,2.4,85.7,3.0,90.4,2.4,91.2,1.8
2015,9,90.9,2.0,90.4,2.1,90.9,2.1,91.2,1.8
2015,10,92.3,2.3,92.5,2.5,92.3,2.3,92.2,1.9
2015,11,92.5,2.3,92.7,2.5,92.5,2.3,92.4,2.0
2015,12,92.8,2.4,93.0,2.6,92.7,2.4,92.7,2.1
2016,1,92.7,2.5,93.1,2.8,92.6,2.5,92.4,2.3
2016,2,93.9,3.0,94.5,3.6,93.7,2.9,93.4,2.6
2016,3,93.5,2.9,94.0,3.0,93.4,2.8,93.1,2.8
2016,4,92.6,2.7,92.5,3.0,92.6,2.7,92.7,2.4
2016,5,92.5,2.6,92.3,2.7,92.6,2.7,92.7,2.4
2016,6,92.5,2.4,92.3,2.5,92.6,2.5,92.6,2.2
2016,7,92.9,2.3,92.5,2.4,92.9,2.4,93.2,2.2
2016,8,93.0,4.3,92.6,8.0,93.1,3.0,93.3,2.3
2016,9,93.3,2.7,93.4,3.3,93.2,2.5,93.2,2.2
2016,10,93.4,1.2,93.5,1.1,93.4,1.2,93.4,1.4
2016,11,93.7,1.2,93.9,1.2,93.6,1.2,93.6,1.3
2016,12,93.9,1.2,94.0,1.1,93.8,1.2,93.9,1.3
2017,1,93.9,1.3,93.9,0.8,93.8,1.3,94.0,1.7
2017,2,93.8,-0.1,94.0,-0.6,93.7,0.0 [φ3],93.7,0.3
2017,3,94.0,0.5,94.2,0.2,93.9,0.5,93.8,0.8
2017,4,94.5,2.0,94.6,2.2,94.4,1.9,94.5,2.0
2017,5,94.4,2.0,94.5,2.3,94.2,1.8,94.4,1.9
2017,6,94.3,1.9,94.4,2.3,94.2,1.8,94.3,1.8
2017,7,94.7,2.0,94.7,2.5,94.6,1.8,94.8,1.7
2017,8,94.8,1.9,94.8,2.4,94.7,1.7,94.9,1.8
2017,9,94.6,1.4,94.7,1.5,94.4,1.3,94.5,1.4
2017,10,94.9,1.5,95.0,1.6,94.7,1.4,94.9,1.5
2017,11,95.2,1.6,95.3,1.5,95.0,1.5,95.2,1.7
2017,12,95.5,1.7,95.5,1.7,95.4,1.6,95.7,1.9
2018,1,95.5,1.7,95.7,2.0,95.3,1.6,95.4,1.5
2018,2,96.7,3.1,96.8,3.1,96.5,3.0,96.7,3.2
2018,3,96.4,2.6,96.7,2.8,96.2,2.5,96.2,2.5
2018,4,96.3,1.9,96.6,2.2,96.1,1.8,96.2,1.7
2018,5,96.4,2.1,96.7,2.3,96.2,2.0,96.2,1.9
2018,6,96.6,2.4,96.9,2.6,96.4,2.3,96.4,2.2
2018,7,96.9,2.4,97.1,2.5,96.7,2.3,96.9,2.3
2018,8,97.0,2.3,97.2,2.5,96.8,2.2,96.8,2.0
2018,9,97.2,2.7,97.9,3.3,96.8,2.5,96.8,2.4
2018,10,97.4,2.7,98.1,3.2,97.0,2.5,97.0,2.3
2018,11,97.6,2.6,98.1,3.0,97.2,2.4,97.4,2.3
2018,12,97.9,2.5,98.4,3.0,97.6,2.4,97.8,2.2
2019,1,97.8,2.4,98.3,2.8,97.5,2.3,97.5,2.3
2019,2,98.7,2.1,99.4,2.6,98.3,1.9,98.4,1.8
2019,3,98.4,2.1,99.1,2.4,98.1,1.9,98.0,1.9
2019,4,99.1,2.9,99.5,3.0,98.8,2.8,99.0,3.0
2019,5,99.0,2.8,99.6,3.1,98.7,2.6,98.7,2.7
2019,6,99.7,3.3,100.7,3.9,99.3,3.0,99.1,2.9
2019,7,100.1,3.3,101.0,3.9,99.7,3.1,99.7,2.8
2019,8,100.3,3.5,101.2,4.1,99.9,3.2,99.8,3.0
2019,9,100.3,3.2,101.3,3.5,99.8,3.1,99.7,3.0
2019,10,100.6,3.1,101.8,3.5,100.1,3.1,99.9,2.9
2019,11,100.7,3.0,101.8,3.5,100.2,2.9,99.9,2.5
2019,12,100.7,2.9,101.9,3.4,100.2,2.9,100.0,2.5
2020,1,98.5,1.4,95.6,-2.0,99.7,2.8,100.3,3.4
2020,2,101.0,2.2,101.9,2.7,100.6,2.1,100.3,1.8
2020,3,100.9,2.3,101.8,2.5,100.6,2.3,100.3,2.1
2020,4,101.0,1.9,101.8,2.3,100.6,1.9,100.4,1.5
2020,5,100.7,1.5,101.5,1.7,100.3,1.5,100.2,1.2
2020,6,100.6,0.7,101.4,0.6,100.3,0.8,100.0,0.7
2020,7,97.7,-2.3,94.8,-6.0,98.9,-0.7,99.5,-0.1
2020,8,99.9,-0.4,100.7,-0.6,99.5,-0.4,99.4,-0.1
2020,9,97.8,-2.2,94.9,-5.9,99.0,-0.7,99.7,0.0 [φ3]
2020,10,100.2,-0.4,101.3,-0.5,99.7,-0.4,99.7,-0.1
2020,11,100.3,-0.3,101.4,-0.4,99.7,-0.4,99.8,-0.1
2020,12,99.8,-1.0,100.6,-1.3,99.2,-1.0,99.5,-0.6
2021,1,101.1,2.6,102.8,7.5,100.3,0.6,100.2,-0.2
2021,2,101.4,0.5,103.3,1.3,100.7,0.1,100.3,0.0 [φ3]
2021,3,101.5,0.6,103.2,1.5,100.7,0.2,100.5,0.1
2021,4,101.8,0.8,103.5,1.6,101.0,0.3,100.8,0.4
2021,5,101.6,1.0,103.4,1.9,100.8,0.5,100.6,0.5
2021,6,101.3,0.7,102.8,1.3,100.6,0.3,100.5,0.5
2021,7,101.4,3.7,102.8,8.4,100.6,1.7,100.7,1.1
2021,8,101.5,1.6,102.9,2.2,100.7,1.3,100.8,1.4
2021,9,99.2,1.4,96.4,1.6,100.2,1.2,101.0,1.3
2021,10,102.0,1.7,103.4,2.1,101.3,1.6,101.3,1.5
2021,11,102.2,1.8,103.7,2.2,101.4,1.7,101.3,1.5
2021,12,102.2,2.4,103.7,3.0,101.4,2.2,101.4,2.0
2022,1,102.3,1.2,103.9,1.1,101.6,1.2,101.6,1.4
2022,2,103.1,1.6,104.9,1.6,102.3,1.6,102.0,1.7
,,,,,,,,,
註釋 :,,,,,,,,,
本港共有四項消費物價指數數列，以反映消費物價通脹對不同開支組別的住戶的影響。,,,,,,,,,
甲類、乙類及丙類消費物價指數分別根據較低、中等及較高開支範圍的住戶的開支模式編製而成。政府統計處亦根據上述三項指數涵蓋的所有住戶的整體開支模式，編製一項綜合消費物價指數。這指數的按年變動率，一般用以反映整體消費物價通脹。,,,,,,,,,
"甲類、乙類及丙類消費物價指數分別涵蓋本港約50%、30%及10%的住戶。這些住戶在基期內（即2019年10月至2020年9月）的每月平均開支（港元計）分別為6,500元至27,999元、28,000元至48,499元及48,500元至91,999元之間。將自基期起物價轉變的影響計算在內，甲類、乙類及丙類消費物價指數所涵蓋住戶的每月平均開支，以2021年的價格水平計算，分別大約在6,600元至28,200元之間、28,200元至48,700元之間及48,700元至92,500元之間，而綜合消費物價指數所涵蓋住戶的每月平均開支則大約在6,600元至92,500元之間。",,,,,,,,,
2019年10月起的消費物價指數是根據2019/20年住戶開支統計調查所得的開支權數編製。較早的指數則是根據舊的開支權數而經過按比例換算與新基期的指數拼接。,,,,,,,,,
按年變動率會以多於一個小數點位的指數作計算。,,,,,,,,,
2020年10月以前的按年變動率是以當時所屬基期的指數數列（例如以2014/15年為基期的指數數列），對比一年前相同基期的指數來計算的。,,,,,,,,,
有關以2014/15年為基期的消費物價指數數列，可參閱 表52A。政府統計處自2022年1月的統計月份起停止編製以2014/15年為基期的舊消費物價指數數列。,,,,,,,,,
N.A. 沒有數字,,,,,,,,,
[φ3] 數字代表增減少於 0.05%,,,,,,,,,
,,,,,,,,,
資料來源 :,,,,,,,,,
按月零售物價統計調查,,,,,,,,,
政府統計處消費物價指數組,,,,,,,,,
(查詢電話 : 3903 7374,,,,,,,,,
查詢電郵：cpi@censtatd.gov.hk),,,,,,,,,
,,,,,,,,,
發布日期: 2022年3月21日,,,,,,,,,
